Workbook

Sheet Certifications
A1: Name | B1: Email ID | C1: Completed | D1: Cert Type | E1: Comments | F1: Reports To | G1: Practice Director | H1: Completion Date | I1: Target Date | J1: Mandatory | K1: Voluntary | L1: Employee Status | M1: Comment | N1: Registered in DBX partner portal | O1: Databricks x check
A2: Keval Hingu | B2: Keval.Hingu@intuitive.cloud | C2: Completed | D2: Databricks Certified Data Analyst Associate | E2: Completed on 20th May 2025 | F2: Lucian Cimpeanu (Cloud Engineering) | G2: Stefano Pecora (Cloud + Platform Eng) | H2: 45473 | I2: 45930 | J2: Mandatory | O2: =VLOOKUP(B2,'From Databricks partner portal'!E:E,1,FALSE) -> #N/A
A3: Abirbhaba Sahu | B3: Abirbhaba.Sahu@intuitive.cloud | C3: In-progress | F3: Mohammed Shabbir (App + DB Mod) | G3: Mohammed Shabbir (App + DB Mod) | J3: Mandatory | O3: =VLOOKUP(B3,'From Databricks partner portal'!E:E,1,FALSE) -> #N/A
A4: Prem Gandhi | B4: Prem.Gandhi@intuitive.cloud | C4: Completed | D4: Databricks Certified Machine Learning Associate | E4: Completed on 18th April, 2025 | F4: Dr Shake Mohaideen PhD (AI/MlOps) | G4: Dr Navid Kalantari PhD (Data + AI) | H4: 45765 | I4: 45930 | J4: Mandatory | O4: =VLOOKUP(B4,'From Databricks partner portal'!E:E,1,FALSE) -> #N/A
A5: Aditya Desai | B5: Aditya.Desai@intuitive.AI | C5: Completed | D5: Databricks Certified Data Analyst Associate | F5: Bhavesh Shah (Cloud Native) | G5: Bhavesh Shah (Cloud Native) | H5: 46006 | I5: 46006 | J5: Mandatory | O5: =VLOOKUP(B5,'From Databricks partner portal'!E:E,1,FALSE) -> aditya.desai@intuitive.ai
A6: Aniket Purohit | B6: Aniket.Purohit@intuitive.cloud | C6: Completed | D6: Databricks Certified Generative AI Engineer Associate | E6: Completed on 29th May, 2025 | F6: Saksham Baru (Cloud Engineering) | G6: Stefano Pecora (Cloud + Platform Eng) | H6: 45766 | I6: 45930 | J6: Mandatory | O6: =VLOOKUP(B6,'From Databricks partner portal'!E:E,1,FALSE) -> #N/A
A7: Divya Mahesh | B7: Divya.Mahesh@intuitive.cloud | C7: Completed | D7: Databricks Certified Generative AI Engineer Associate | F7: Saksham Baru (Cloud Engineering) | G7: Stefano Pecora (Cloud + Platform Eng) | H7: 45770 | I7: 45930 | J7: Mandatory | O7: =VLOOKUP(B7,'From Databricks partner portal'!E:E,1,FALSE) -> #N/A
A8: Ajay Shridhar Giri | B8: Ajay.Giri@intuitive.cloud | C8: Completed | D8: Databricks Certified Data Analyst Associate | E8: Completed on 15th June, 2025 | F8: Saksham Baru (Cloud Engineering) | G8: Stefano Pecora (Cloud + Platform Eng) | H8: 45772 | I8: 45930 | J8: Mandatory | O8: =VLOOKUP(B8,'From Databricks partner portal'!E:E,1,FALSE) -> #N/A
A9: Ajitesh Sudan | B9: Ajitesh.Sudan@intuitive.cloud | C9: In-progress | D9: Databricks Certified Generative AI Engineer Associate | F9: Saksham Baru (Cloud Engineering) | G9: Stefano Pecora (Cloud + Platform Eng) | J9: Mandatory | M9: Not cleared | O9: =VLOOKUP(B9,'From Databricks partner portal'!E:E,1,FALSE) -> #N/A
A10: Anand Akurathi | B10: anand.akurathi@intuitive.cloud | C10: In-progress | F10: Prakash Patil (App + DB Mod) | G10: Prakash Patil (App + DB Mod) | J10: Mandatory | O10: =VLOOKUP(B10,'From Databricks partner portal'!E:E,1,FALSE) -> #N/A
A11: Dinesh Verma | B11: dinesh.verma@intuitive.cloud | C11: Completed | D11: Databricks Certified Generative AI Engineer Associate | E11: Completed on 27th June, 2025 | F11: Dr Shake Mohaideen PhD (AI/MlOps) | G11: Bhavesh Shah (Cloud Native) | H11: 45773 | I11: 45930 | J11: Mandatory | O11: =VLOOKUP(B11,'From Databricks partner portal'!E:E,1,FALSE) -> #N/A
A12: Anil Amara | B12: Anil.Amara@intuitive.cloud | C12: In-progress | F12: Mohammed Shabbir (App + DB Mod) | G12: Mohammed Shabbir (App + DB Mod) | J12: Mandatory | O12: =VLOOKUP(B12,'From Databricks partner portal'!E:E,1,FALSE) -> #N/A
A13: Ankit Parekh | B13: Ankit.Parekh@intuitive.cloud | C13: In-progress | D13: Databricks Certified Generative AI Engineer Associate | F13: Saksham Baru (Cloud Engineering) | G13: Stefano Pecora (Cloud + Platform Eng) | J13: Mandatory | M13: Not cleared | O13: =VLOOKUP(B13,'From Databricks partner portal'!E:E,1,FALSE) -> #N/A
A14: Ravindra Malpute | B14: Ravindra.Malpute@intuitive.cloud | C14: Completed | D14: Databricks Certified Generative AI Engineer Associate | E14: Completed on 25th April, 2025 | F14: Piyush Jalan (Cloud Engineering) | G14: Bhavesh Shah (Cloud Native) | H14: 45784 | I14: 45930 | J14: Mandatory | O14: =VLOOKUP(B14,'From Databricks partner portal'!E:E,1,FALSE) -> #N/A
A15: Saumil Shah | B15: Saumil.Shah@intuitive.cloud | C15: Completed | D15: Databricks Certified Data Analyst Associate | E15: Completed on 19th April, 2025 | F15: Piyush Jalan (Cloud Engineering) | G15: Bhavesh Shah (Cloud Native) | H15: 45784 | I15: 45930 | J15: Mandatory | O15: =VLOOKUP(B15,'From Databricks partner portal'!E:E,1,FALSE) -> #N/A | P15: Asked to follow KB article
A16: Apratim Paul | B16: Apratim.Paul@intuitive.cloud | C16: Inactive | D16: Databricks Certified Data Engineer Associate | E16: Completed on 30th June,2025 | F16: Chett Rubenstein (Data + AI) | G16: Chett Rubenstein (Data + AI) | H16: 45807 | I16: 45930 | J16: Mandatory | L16: InActive | N16: n/a | O16: =VLOOKUP(B16,'From Databricks partner portal'!E:E,1,FALSE) -> #N/A
A17: Arnob Kumar Dey | B17: arnob.dey@intuitive.cloud | C17: Inactive | D17: Databricks Certified Data Engineer Associate | F17: Chett Rubenstein (Data + AI) | G17: Chett Rubenstein (Data + AI) | H17: 45928 | I17: 45930 | J17: Mandatory | L17: InActive | N17: n/a | O17: =VLOOKUP(B17,'From Databricks partner portal'!E:E,1,FALSE) -> #N/A
A18: Aryan Vasudev | B18: aryan.vasudev@Intuitive.AI | C18: Completed | D18: Databricks Certified Data Analyst Associate | E18: Databricks Certified Data Analyst Associate | F18: Bhavesh Shah (Cloud Native) | G18: Bhavesh Shah (Cloud Native) | H18: 45996 | I18: 45996 | J18: Mandatory | O18: =VLOOKUP(B18,'From Databricks partner portal'!E:E,1,FALSE) -> aryan.vasudev@intuitive.ai
A19: Abhijeet Patil | B19: Abhijeet.Patil@intuitive.cloud | C19: Completed | D19: Databricks Certified Data Analyst Associate | E19: Completed on 30th May, 2025 | F19: Saksham Baru (Cloud Engineering) | G19: Stefano Pecora (Cloud + Platform Eng) | H19: 45793 | I19: 45930 | J19: Mandatory | O19: =VLOOKUP(B19,'From Databricks partner portal'!E:E,1,FALSE) -> #N/A | P19: Asked to follow KB article
A20: Aziz Saidi | B20: Aziz.Saidi@intuitive.cloud | C20: In-progress | F20: Mohammed Shabbir (App + DB Mod) | G20: Mohammed Shabbir (App + DB Mod) | J20: Mandatory | O20: =VLOOKUP(B20,'From Databricks partner portal'!E:E,1,FALSE) -> #N/A
A21: Azmat Ahanger | B21: azmat.rahim@intuitive.cloud | C21: In-progress | F21: Mohammed Shabbir (App + DB Mod) | G21: Mohammed Shabbir (App + DB Mod) | J21: Mandatory | O21: =VLOOKUP(B21,'From Databricks partner portal'!E:E,1,FALSE) -> #N/A
A22: Balachandra Kandukuri | B22: balachandra.kandukuri@intuitive.cloud | C22: In-progress | F22: Dr Shake Mohaideen PhD (Data + AI) | G22: Dr Navid Kalantari PhD (Data + AI) | J22: Mandatory | O22: =VLOOKUP(B22,'From Databricks partner portal'!E:E,1,FALSE) -> #N/A
A23: Bhagesh Puri | B23: bhagesh.puri@intuitive.ai | C23: In-progress | F23: Uday Kakkar (Cloud + Platform Eng) | G23: Stefano Pecora (Cloud + Platform Eng) | O23: =VLOOKUP(B23,'From Databricks partner portal'!E:E,1,FALSE) -> #N/A
A24: Aditya Shukla | B24: Aditya.Shukla@intuitive.cloud | C24: Completed | D24: Databricks Certified Generative AI Engineer Associate | E24: Completed on 31st May, 2025 | F24: Pritam Dodeja (AI/MlOps) | G24: Dr Navid Kalantari PhD (Data + AI) | H24: 45797 | I24: 45930 | J24: Mandatory | O24: =VLOOKUP(B24,'From Databricks partner portal'!E:E,1,FALSE) -> #N/A
A25: Darshan Bhavsar | B25: Darshan.Bhavsar@intuitive.cloud | C25: Completed | D25: Databricks Certified Generative AI Engineer Associate | E25: Completed on 13th May, 2025 | F25: Pritam Dodeja (AI/MlOps) | G25: Bhavesh Shah (Cloud Native) | H25: 45805 | I25: 45930 | J25: Mandatory | O25: =VLOOKUP(B25,'From Databricks partner portal'!E:E,1,FALSE) -> #N/A
A26: Daljit Singh | B26: Daljit.Singh@intuitive.cloud | C26: In-progress | F26: Mohammed Shabbir (App + DB Mod) | G26: Mohammed Shabbir (App + DB Mod) | J26: Mandatory | O26: =VLOOKUP(B26,'From Databricks partner portal'!E:E,1,FALSE) -> #N/A
A27: Daniel Zivkovic | B27: daniel.zivkovic@intuitive.cloud | C27: In-progress | F27: Dr Kanav Kahol PhD (Data + AI) | G27: Dr Navid Kalantari PhD (Data + AI) | J27: Mandatory | O27: =VLOOKUP(B27,'From Databricks partner portal'!E:E,1,FALSE) -> #N/A
A28: Anurag Kapatia | B28: Anurag.Kapatia@intuitive.cloud | C28: Completed | D28: Databricks Certified Data Engineer Associate | E28: Completed on 27th April, 2025 | F28: Chett Rubenstein (Data + AI) | G28: Chett Rubenstein (Data + AI) | H28: 45824 | I28: 45930 | J28: Mandatory | N28: Pending | O28: =VLOOKUP(B28,'From Databricks partner portal'!E:E,1,FALSE) -> #N/A
A29: Sachin Nakhate | B29: sachin.nakhate@intuitive.cloud | C29: Completed | D29: Databricks Certified Generative AI Engineer Associate | E29: Completed on 16th June 2025 | F29: Saksham Baru (Cloud Engineering) | G29: Stefano Pecora (Cloud + Platform Eng) | H29: 45824 | I29: 45930 | J29: Mandatory | O29: =VLOOKUP(B29,'From Databricks partner portal'!E:E,1,FALSE) -> #N/A
A30: Thamtam Pruthvi | B30: Thamtam.Pruthvi@intuitive.cloud | C30: Completed | D30: Databricks Certified Data Analyst Associate | E30: Completed on 16th June 2025 | F30: Saksham Baru (Cloud Engineering) | G30: Stefano Pecora (Cloud + Platform Eng) | H30: 45824 | I30: 45930 | J30: Mandatory | O30: =VLOOKUP(B30,'From Databricks partner portal'!E:E,1,FALSE) -> #N/A
A31: David Hammond | B31: david.hammond@intuitive.cloud | C31: In-progress | F31: Chett Rubenstein (Data + AI) | G31: Chett Rubenstein (Data + AI) | J31: Mandatory | O31: =VLOOKUP(B31,'From Databricks partner portal'!E:E,1,FALSE) -> #N/A
A32: Devangi Goswami | B32: devangi.goswami@intuitive.cloud | C32: Completed | D32: Databricks Certified Data Analyst Associate | E32: Completed on 23rd April, 2025 | F32: Vishal Kanade (Cloud Engineering) | G32: Bhavesh Shah (Cloud Native) | H32: 45825 | I32: 45930 | J32: Mandatory | O32: =VLOOKUP(B32,'From Databricks partner portal'!E:E,1,FALSE) -> #N/A
A33: Narendar Adula | B33: Narendar.Adula@intuitive.cloud | C33: Completed | D33: Databricks Certified Data Analyst Associate | E33: Complete on 28th May 2025 | F33: Saksham Baru (Cloud Engineering) | G33: Stefano Pecora (Cloud + Platform Eng) | H33: 45825 | I33: 45930 | J33: Mandatory | O33: =VLOOKUP(B33,'From Databricks partner portal'!E:E,1,FALSE) -> #N/A | P33: Asked to follow KB article
A34: Deepak Shrivastav | B34: Deepak.Shrivastav@intuitive.cloud | C34: In-progress | F34: Mohammed Shabbir (App + DB Mod) | G34: Mohammed Shabbir (App + DB Mod) | J34: Mandatory | O34: =VLOOKUP(B34,'From Databricks partner portal'!E:E,1,FALSE) -> #N/A
A35: Hemanth Reddy | B35: Hemanth.Reddy@intuitive.cloud | C35: Completed | D35: Databricks Certified Data Analyst Associate | E35: Complete on 18 th May 2025 | F35: Saksham Baru (Cloud Engineering) | G35: Dr Navid Kalantari PhD (Data + AI) | H35: 45826 | I35: 45930 | J35: Mandatory | O35: =VLOOKUP(B35,'From Databricks partner portal'!E:E,1,FALSE) -> #N/A
A36: Sundarapandi Dhanushkodi | B36: Sundarapandi.Dhanushkodi@intuitive.cloud | C36: Completed | D36: Databricks Certified Data Analyst Associate | E36: Complete on 18 th May 2025 | F36: Saksham Baru (Cloud Engineering) | G36: Stefano Pecora (Cloud + Platform Eng) | H36: 45826 | I36: 45930 | J36: Mandatory | O36: =VLOOKUP(B36,'From Databricks partner portal'!E:E,1,FALSE) -> #N/A
A37: Ashish Dudeja | B37: ashish.dudeja@intuitive.ai | C37: Completed | D37: Databricks Certified Data Engineer Associate | F37: Chett Rubenstein (Data + AI) | G37: Chett Rubenstein (Data + AI) | H37: 45830 | I37: 45930 | J37: Mandatory | O37: =VLOOKUP(B37,'From Databricks partner portal'!E:E,1,FALSE) -> #N/A
A38: Gaurav Gangwar | B38: Gaurav.Gangwar@intuitive.ai | C38: Completed | D38: Databricks Certified Data Engineer Associate | E38: Completed on 27th April, 2025 | F38: Chett Rubenstein (Data + AI) | G38: Chett Rubenstein (Data + AI) | H38: 45766 | I38: 45930 | J38: Mandatory | O38: =VLOOKUP(B38,'From Databricks partner portal'!E:E,1,FALSE) -> gaurav.gangwar@intuitive.ai
A39: Gaurav Suthar | B39: gaurav.suthar@intuitive.ai | C39: In-progress | F39: Abilash Sivakumar (Cloud + Platform Eng) | G39: Stefano Pecora (Cloud + Platform Eng) | O39: =VLOOKUP(B39,'From Databricks partner portal'!E:E,1,FALSE) -> #N/A
A40: Yaswardhan Reddy | B40: Yaswardhan.Reddy@intuitive.cloud | C40: Completed | D40: Databricks Certified Data Analyst Associate | F40: Saksham Baru (Cloud Engineering) | G40: Stefano Pecora (Cloud + Platform Eng) | H40: 45878 | I40: 45930 | J40: Mandatory | O40: =VLOOKUP(B40,'From Databricks partner portal'!E:E,1,FALSE) -> #N/A | P40: Asked to follow KB article
A41: Harshil Kammar | B41: harshil.khamar@intuitive.ai | C41: In-progress | F41: Bhagesh Puri (Cloud + Platform Eng) | G41: Stefano Pecora (Cloud + Platform Eng) | O41: =VLOOKUP(B41,'From Databricks partner portal'!E:E,1,FALSE) -> #N/A
A42: Khushi Carpenter | B42: Khushi.Carpenter@intuitive.cloud | C42: Completed | D42: Databricks Certified Data Analyst Associate | E42: Completed on 19th April, 2025 | F42: Piyush Jalan (Cloud Engineering) | G42: Bhavesh Shah (Cloud Native) | H42: 45884 | I42: 45930 | J42: Mandatory | O42: =VLOOKUP(B42,'From Databricks partner portal'!E:E,1,FALSE) -> #N/A
A43: Muskan Rawat | B43: muskan.rawat@intuitive.cloud | C43: Completed | D43: Databricks Certified Data Analyst Associate | E43: Completed on 6th May, 2025 | F43: Piyush Jalan (Cloud Engineering) | G43: Dr Navid Kalantari PhD (Data + AI) | H43: 45884 | I43: 45930 | J43: Mandatory | O43: =VLOOKUP(B43,'From Databricks partner portal'!E:E,1,FALSE) -> #N/A
A44: Het Shah | B44: Het.Shah@intuitive.AI | C44: Completed | D44: Databricks Certified Data Analyst Associate | F44: Bhavesh Shah (Cloud Native) | G44: Bhavesh Shah (Cloud Native) | H44: 46006 | I44: 46006 | J44: Mandatory | O44: =VLOOKUP(B44,'From Databricks partner portal'!E:E,1,FALSE) -> het.shah@intuitive.ai
A45: Nishita Ardeshna | B45: Nishita.Ardeshna@intuitive.cloud | C45: Completed | D45: Databricks Certified Generative AI Engineer Associate | E45: Completed on 15th August,2025 | F45: Saksham Baru (Cloud Engineering) | G45: Stefano Pecora (Cloud + Platform Eng) | H45: 45884 | I45: 45930 | J45: Mandatory | O45: =VLOOKUP(B45,'From Databricks partner portal'!E:E,1,FALSE) -> #N/A
A46: Imran Khan | B46: Imran.Khan@intuitive.cloud | C46: In-progress | F46: Mohammed Shabbir (App + DB Mod) | G46: Mohammed Shabbir (App + DB Mod) | J46: Mandatory | O46: =VLOOKUP(B46,'From Databricks partner portal'!E:E,1,FALSE) -> #N/A
A47: Innocent Musa | B47: Innocent.Musa@intuitive.cloud | C47: In-progress | F47: Mohammed Shabbir (App + DB Mod) | G47: Mohammed Shabbir (App + DB Mod) | J47: Mandatory | O47: =VLOOKUP(B47,'From Databricks partner portal'!E:E,1,FALSE) -> #N/A
A48: Janhvi Kurkure | B48: janhvi.kurkure@Intuitive.AI | C48: Completed | D48: Databricks Certified Data Analyst Associate | E48: Databricks Certified Data Analyst Associate | F48: Bhavesh Shah (Cloud Native) | G48: Bhavesh Shah (Cloud Native) | H48: 45996 | I48: 45996 | J48: Mandatory | O48: =VLOOKUP(B48,'From Databricks partner portal'!E:E,1,FALSE) -> janhvi.kurkure@intuitive.ai
A49: Sakshi Zalavadia | B49: Sakshi.Zalavadia@intuitive.cloud | C49: Completed | D49: Databricks Certified Data Analyst Associate | E49: Completed on 26th April, 2025 | F49: Vishal Kanade (Cloud Engineering) | G49: Bhavesh Shah (Cloud Native) | H49: 45884 | I49: 45930 | J49: Mandatory | O49: =VLOOKUP(B49,'From Databricks partner portal'!E:E,1,FALSE) -> #N/A
A50: Veera Kumar | B50: Veera.Kumar@intuitive.cloud | C50: Completed | D50: Databricks Certified Generative AI Engineer Associate | E50: Completed on 17th June, 2025 | F50: Saksham Baru (Cloud Engineering) | G50: Stefano Pecora (Cloud + Platform Eng) | H50: 45891 | I50: 45930 | J50: Mandatory | O50: =VLOOKUP(B50,'From Databricks partner portal'!E:E,1,FALSE) -> #N/A
A51: Jenish Kotecha | B51: Jenish.Kotecha@intuitive.cloud | C51: In-progress | D51: Databricks Certified Generative AI Engineer Associate | F51: Saksham Baru (Cloud Engineering) | G51: Stefano Pecora (Cloud + Platform Eng) | J51: Mandatory | M51: Not cleared | O51: =VLOOKUP(B51,'From Databricks partner portal'!E:E,1,FALSE) -> #N/A
A52: Kalyani Rajawat | B52: kalyani.rajawat@intuitive.cloud | C52: In-progress | D52: Databricks Certified Data Analyst Associate | F52: Prakash Patil (App + DB Mod) | G52: Prakash Patil (App + DB Mod) | J52: Mandatory | O52: =VLOOKUP(B52,'From Databricks partner portal'!E:E,1,FALSE) -> #N/A
A53: Kanav Kahol | B53: kanav.kahol@intuitive.cloud | C53: In-progress | F53: Dr Navid Kalantari PhD (Data + AI) | G53: Dr Navid Kalantari PhD (Data + AI) | J53: Mandatory | O53: =VLOOKUP(B53,'From Databricks partner portal'!E:E,1,FALSE) -> #N/A
A54: Karthik Raja Thangadurai | B54: KarthikRaja.Thangadurai@intuitive.cloud | C54: In-progress | F54: Mohammed Shabbir (App + DB Mod) | G54: Mohammed Shabbir (App + DB Mod) | J54: Mandatory | O54: =VLOOKUP(B54,'From Databricks partner portal'!E:E,1,FALSE) -> #N/A
A55: Kelvi Manavadaria | B55: Kelvi.Manavadaria@intuitive.cloud | C55: In-progress | F55: Piyush Jalan (Cloud Engineering) | G55: Stefano Pecora (Cloud + Platform Eng) | J55: Mandatory | M55: Not cleared | O55: =VLOOKUP(B55,'From Databricks partner portal'!E:E,1,FALSE) -> #N/A
A56: Jay Shah | B56: Jay.Shah@intuitive.cloud | C56: Completed | D56: Databricks Certified Generative AI Engineer Associate | F56: Saksham Baru (Cloud Engineering) | G56: Stefano Pecora (Cloud + Platform Eng) | H56: 45898 | I56: 45930 | J56: Mandatory | O56: =VLOOKUP(B56,'From Databricks partner portal'!E:E,1,FALSE) -> #N/A
A57: Sansriti Ishwar | B57: Sansriti.Ishwar@intuitive.cloud | C57: Completed | D57: Databricks Certified Generative AI Engineer Associate | E57: Completed on 24th May, 2025 | F57: Dr Shake Mohaideen PhD (AI/MlOps) | G57: Bhavesh Shah (Cloud Native) | H57: 45898 | I57: 45930 | J57: Mandatory | O57: =VLOOKUP(B57,'From Databricks partner portal'!E:E,1,FALSE) -> #N/A
A58: Sathish Kumar Devasenathypathy | B58: Sathish.Devasenathypathy@intuitive.cloud | C58: Completed | D58: Databricks Certified Data Engineer Associate | E58: Completed on 27th March 2024 | F58: Chett Rubenstein (Data) | G58: Bhavesh Shah (Cloud Native) | H58: 45902 | I58: 45930 | J58: Mandatory | O58: =VLOOKUP(B58,'From Databricks partner portal'!E:E,1,FALSE) -> #N/A
A59: Chintan Patel | B59: chintan.patel@intuitive.cloud | C59: Completed | D59: Databricks Certified Generative AI Engineer Associate | F59: Pritam Dodeja (Data + AI) | G59: Dr Navid Kalantari PhD (Data + AI) | H59: 45921 | I59: 45930 | J59: Mandatory | O59: =VLOOKUP(B59,'From Databricks partner portal'!E:E,1,FALSE) -> #N/A
A60: Kumar Aryan | B60: Kumar.Aryan@intuitive.cloud | C60: In-progress | F60: Mohammed Shabbir (App + DB Mod) | G60: Mohammed Shabbir (App + DB Mod) | J60: Mandatory | O60: =VLOOKUP(B60,'From Databricks partner portal'!E:E,1,FALSE) -> #N/A
A61: Kushagra Sehgal | B61: kushagra.sehgal@intuitive.cloud | C61: In-progress | F61: Prakash Patil (App + DB Mod) | G61: Prakash Patil (App + DB Mod) | J61: Mandatory | O61: =VLOOKUP(B61,'From Databricks partner portal'!E:E,1,FALSE) -> #N/A
A62: Lakshminarayanan Thirusangu | B62: Lakshminarayanan.Thirusangu@intuitive.cloud | C62: In-progress | F62: Mohammed Shabbir (App + DB Mod) | G62: Mohammed Shabbir (App + DB Mod) | J62: Mandatory | O62: =VLOOKUP(B62,'From Databricks partner portal'!E:E,1,FALSE) -> #N/A
A63: Jayaprakash Mariyappan | B63: Jayaprakash.Mariyappan@intuitive.cloud | C63: Completed | D63: Databricks Certified Generative AI Engineer Associate | F63: Saksham Baru (Cloud Engineering) | G63: Stefano Pecora (Cloud + Platform Eng) | H63: 45925 | I63: 45930 | J63: Mandatory | O63: =VLOOKUP(B63,'From Databricks partner portal'!E:E,1,FALSE) -> #N/A
A64: Linkavan Manoharan | B64: linkavan.manoharan@intuitive.cloud | C64: In-progress | F64: Chett Rubenstein (Data + AI) | G64: Chett Rubenstein (Data + AI) | J64: Mandatory | O64: =VLOOKUP(B64,'From Databricks partner portal'!E:E,1,FALSE) -> #N/A
A65: Lisa Sikkema | B65: lisa.sikkema@intuitive.cloud | C65: In-progress | D65: Databricks Certified Data Analyst Associate | F65: Chett Rubenstein (Data + AI) | G65: Chett Rubenstein (Data + AI) | J65: Mandatory | O65: =VLOOKUP(B65,'From Databricks partner portal'!E:E,1,FALSE) -> #N/A
A66: Lucian Cimpeanu | B66: Lucian.Cimpeanu@intuitive.cloud | C66: In-progress | F66: Stefano Pecora (Cloud + Platform Eng) | G66: Stefano Pecora (Cloud + Platform Eng) | J66: Mandatory | O66: =VLOOKUP(B66,'From Databricks partner portal'!E:E,1,FALSE) -> #N/A
A67: Mahendra Bhandari | B67: mahendra.bhandari@intuitive.cloud | C67: In-progress | F67: Dr Shake Mohaideen PhD (Data + AI) | G67: Dr Navid Kalantari PhD (Data + AI) | J67: Mandatory | O67: =VLOOKUP(B67,'From Databricks partner portal'!E:E,1,FALSE) -> #N/A
A68: Rakesh R | B68: rakesh.r@intuitive.cloud | C68: Completed | D68: Databricks Certified Generative AI Engineer Associate | F68: Dr Shake Mohaideen PhD (Data + AI) | G68: Dr Navid Kalantari PhD (Data + AI) | H68: 45925 | I68: 45930 | J68: Mandatory | O68: =VLOOKUP(B68,'From Databricks partner portal'!E:E,1,FALSE) -> #N/A
A69: Maksud Beg | B69: maksud.beg@intuitive.cloud | C69: In-progress | F69: Dr Shake Mohaideen PhD (Data + AI) | G69: Dr Navid Kalantari PhD (Data + AI) | J69: Mandatory | O69: =VLOOKUP(B69,'From Databricks partner portal'!E:E,1,FALSE) -> #N/A
A70: Malhar Prajapati | B70: Malhar.Prajapati@intuitive.AI | C70: Completed | D70: Databricks Certified Data Analyst Associate | F70: Bhavesh Shah (Cloud Native) | G70: Bhavesh Shah (Cloud Native) | H70: 46006 | I70: 46006 | J70: Mandatory | O70: =VLOOKUP(B70,'From Databricks partner portal'!E:E,1,FALSE) -> malhar.prajapati@intuitive.ai
A71: Mannan Goradiya | B71: manan.goradiya@intuitive.ai | C71: In-progress | F71: Arindham Sarkar (Cloud + Platform Eng) | G71: Stefano Pecora (Cloud + Platform Eng) | O71: =VLOOKUP(B71,'From Databricks partner portal'!E:E,1,FALSE) -> #N/A
A72: Manpreet Singh | B72: manpreet.singh@intuitive.cloud | C72: In-progress | F72: Prakash Patil (App + DB Mod) | G72: Prakash Patil (App + DB Mod) | J72: Mandatory | O72: =VLOOKUP(B72,'From Databricks partner portal'!E:E,1,FALSE) -> #N/A
A73: Suraj Mulchandani | B73: Suraj.Mulchandani@intuitive.cloud | C73: Completed | D73: Databricks Certified Generative AI Engineer Associate | F73: Saksham Baru (Cloud Engineering) | G73: Stefano Pecora (Cloud + Platform Eng) | H73: 45926 | I73: 45930 | J73: Mandatory | O73: =VLOOKUP(B73,'From Databricks partner portal'!E:E,1,FALSE) -> #N/A | P73: Asked to follow KB article
A74: Darshan Shah | B74: Darshan.Shah@intuitive.cloud | C74: Completed | D74: Databricks Certified Generative AI Engineer Associate | E74: 20th May | F74: Pritam Dodeja (AI/MlOps) | G74: Bhavesh Shah (Cloud Native) | H74: 45928 | I74: 45930 | J74: Mandatory | O74: =VLOOKUP(B74,'From Databricks partner portal'!E:E,1,FALSE) -> #N/A
A75: Mohan Vankudoth | B75: mohan.vankudoth@intuitive.cloud | C75: Inactive | D75: Databricks Certified Data Analyst Associate | F75: Chett Rubenstein (Data + AI) | G75: Chett Rubenstein (Data + AI) | H75: 45926 | I75: 45930 | J75: Mandatory | O75: =VLOOKUP(B75,'From Databricks partner portal'!E:E,1,FALSE) -> #N/A
A76: Ankur Agicha | B76: ankur.agicha@intuitive.cloud | C76: Completed | D76: Databricks Certified Generative AI Engineer Associate | F76: Dr Shake Mohaideen PhD (Data + AI) | G76: Dr Navid Kalantari PhD (Data + AI) | H76: 45929 | I76: 45930 | J76: Mandatory | O76: =VLOOKUP(B76,'From Databricks partner portal'!E:E,1,FALSE) -> #N/A
A77: Naga Kiran | B77: naga.kiran@intuitive.cloud | C77: In-progress | D77: Databricks Certified Generative AI Engineer Associate | F77: Dr Shake Mohaideen PhD (Data + AI) | G77: Dr Navid Kalantari PhD (Data + AI) | J77: Mandatory | O77: =VLOOKUP(B77,'From Databricks partner portal'!E:E,1,FALSE) -> #N/A
A78: Gokturk Yurtyapan | B78: gokturk.yurtyapan@intuitive.cloud | C78: Completed | D78: Databricks Certified Data Analyst Associate | F78: Chett Rubenstein (Data + AI) | G78: Chett Rubenstein (Data + AI) | H78: 45930 | I78: 45930 | J78: Mandatory | O78: =VLOOKUP(B78,'From Databricks partner portal'!E:E,1,FALSE) -> #N/A
A79: Naveen Athelly | B79: Naveen.Athelly@intuitive.cloud | C79: In-progress | F79: Mohammed Shabbir (App + DB Mod) | G79: Mohammed Shabbir (App + DB Mod) | J79: Mandatory | O79: =VLOOKUP(B79,'From Databricks partner portal'!E:E,1,FALSE) -> #N/A
A80: Nikhil Agarwal | B80: nikhil.agarwal@intuitive.cloud | C80: In-progress | F80: Dr Shake Mohaideen PhD (Data + AI) | G80: Dr Navid Kalantari PhD (Data + AI) | J80: Mandatory | O80: =VLOOKUP(B80,'From Databricks partner portal'!E:E,1,FALSE) -> #N/A
A81: Nikhil Bhole | B81: nikhil.bhole@intuitive.cloud | C81: In-progress | F81: Prakash Patil (App + DB Mod) | G81: Prakash Patil (App + DB Mod) | J81: Mandatory | O81: =VLOOKUP(B81,'From Databricks partner portal'!E:E,1,FALSE) -> #N/A
A82: Hemant Rawat | B82: hemant.rawat@intuitive.cloud | C82: Completed | D82: Databricks Certified Generative AI Engineer Associate | F82: Dr Shake Mohaideen PhD (Data + AI) | G82: Dr Navid Kalantari PhD (Data + AI) | H82: 45930 | I82: 45930 | J82: Mandatory | O82: =VLOOKUP(B82,'From Databricks partner portal'!E:E,1,FALSE) -> #N/A
A83: Meghana Ganu | B83: Meghana.Ganu@intuitive.cloud | C83: Completed | D83: Databricks Certified Data Analyst Associate | F83: Pritam Dodeja (AI/MlOps) | G83: Bhavesh Shah (Cloud Native) | H83: 45930 | I83: 45930 | J83: Mandatory | O83: =VLOOKUP(B83,'From Databricks partner portal'!E:E,1,FALSE) -> #N/A
A84: Parth Vadodaria | B84: Parth.Vadodaria@intuitive.AI | C84: Completed | D84: Databricks Certified Data Analyst Associate | F84: Bhavesh Shah (Cloud Native) | G84: Bhavesh Shah (Cloud Native) | H84: 46006 | I84: 46006 | J84: Mandatory | O84: =VLOOKUP(B84,'From Databricks partner portal'!E:E,1,FALSE) -> parth.vadodaria@intuitive.ai
A85: Patel Bhumi | B85: Bhumi.Patel@intuitive.AI | C85: Completed | D85: Databricks Certified Data Analyst Associate | E85: Databricks Certified Data Analyst Associate | F85: Bhavesh Shah (Cloud Native) | G85: Bhavesh Shah (Cloud Native) | H85: 45996 | I85: 45996 | J85: Mandatory | O85: =VLOOKUP(B85,'From Databricks partner portal'!E:E,1,FALSE) -> bhumi.patel@intuitive.ai
A86: Bhoomika Dharmani | B86: bhoomika.dharmani@intuitive.cloud | C86: Completed | D86: Databricks Certified Generative AI Engineer Associate | F86: Dr Navid Kalantari PhD (Data + AI) | G86: Dr Navid Kalantari PhD (Data + AI) | H86: 45931 | I86: 45930 | J86: Mandatory | O86: =VLOOKUP(B86,'From Databricks partner portal'!E:E,1,FALSE) -> #N/A | P86: Asked to follow KB article
A87: Piyush Jalan | B87: piyush.jalan@intuitive.cloud | C87: In-progress | F87: Bhavesh Shah (Cloud Native) | G87: Dr Navid Kalantari PhD (Data + AI) | J87: Mandatory | O87: =VLOOKUP(B87,'From Databricks partner portal'!E:E,1,FALSE) -> #N/A
A88: Darshan Kanade | B88: Darshan.Kanade@intuitive.cloud | C88: Completed | D88: Databricks Certified Generative AI Engineer Associate | F88: Pritam Dodeja (AI/MlOps) | G88: Bhavesh Shah (Cloud Native) | H88: 45931 | I88: 45930 | J88: Mandatory | O88: =VLOOKUP(B88,'From Databricks partner portal'!E:E,1,FALSE) -> #N/A
A89: Prachi Desai | B89: Prachi.Desai@intuitive.AI | C89: Completed | D89: Databricks Certified Data Analyst Associate | F89: Bhavesh Shah (Cloud Native) | G89: Bhavesh Shah (Cloud Native) | H89: 46006 | I89: 46006 | J89: Mandatory | O89: =VLOOKUP(B89,'From Databricks partner portal'!E:E,1,FALSE) -> prachi.desai@intuitive.ai
A90: Prathap Maddirala | B90: dilliprathapmaddirala@gmail.com | C90: In-progress | F90: Mohammed Shabbir (App + DB Mod) | G90: Mohammed Shabbir (App + DB Mod) | J90: Mandatory | O90: =VLOOKUP(B90,'From Databricks partner portal'!E:E,1,FALSE) -> #N/A
A91: Kripal Singh | B91: kripal.singh@intuitive.cloud | C91: Completed | D91: Databricks Certified Generative AI Engineer Associate | F91: Dr Shake Mohaideen PhD (Data + AI) | G91: Dr Navid Kalantari PhD (Data + AI) | H91: 45931 | I91: 45930 | J91: Mandatory | O91: =VLOOKUP(B91,'From Databricks partner portal'!E:E,1,FALSE) -> #N/A | P91: Asked to follow KB article
A92: Pritam Dodeja | B92: pritam.dodeja@intuitive.cloud | C92: In-progress | F92: Dr Navid Kalantari PhD (Data + AI) | G92: Dr Navid Kalantari PhD (Data + AI) | J92: Mandatory | O92: =VLOOKUP(B92,'From Databricks partner portal'!E:E,1,FALSE) -> #N/A
A93: Priyanshu Gohil | B93: priyanshu.gohil@intuitive.ai | C93: In-progress | F93: Tony Boppuri (Cloud + Platform Eng) | G93: Stefano Pecora (Cloud + Platform Eng) | O93: =VLOOKUP(B93,'From Databricks partner portal'!E:E,1,FALSE) -> #N/A
A94: Pundrik Shayta | B94: Pundrik.Shayta@intuitive.AI | C94: Completed | D94: Databricks Certified Data Analyst Associate | F94: Bhavesh Shah (Cloud Native) | G94: Bhavesh Shah (Cloud Native) | H94: 46006 | I94: 46006 | J94: Mandatory | O94: =VLOOKUP(B94,'From Databricks partner portal'!E:E,1,FALSE) -> pundrik.shayta@intuitive.ai
A95: Raj Sojitra | B95: raj.sojitra@intuitive.cloud | C95: In-progress | F95: Prakash Patil (App + DB Mod) | G95: Prakash Patil (App + DB Mod) | J95: Mandatory | O95: =VLOOKUP(B95,'From Databricks partner portal'!E:E,1,FALSE) -> #N/A
A96: Raja Bandaru | B96: Raja.Bandaru@intuitive.cloud | C96: In-progress | F96: Mohammed Shabbir (App + DB Mod) | G96: Mohammed Shabbir (App + DB Mod) | J96: Mandatory | O96: =VLOOKUP(B96,'From Databricks partner portal'!E:E,1,FALSE) -> #N/A
A97: Raja Putturu | B97: Raja.Putturu@intuitive.cloud | C97: In-progress | F97: Mohammed Shabbir (App + DB Mod) | G97: Mohammed Shabbir (App + DB Mod) | J97: Mandatory | O97: =VLOOKUP(B97,'From Databricks partner portal'!E:E,1,FALSE) -> #N/A
A98: Rajasankar S | B98: rajasankar.s@intuitive.cloud | C98: In-progress | F98: Mohammed Shabbir (App + DB Mod) | G98: Mohammed Shabbir (App + DB Mod) | J98: Mandatory | O98: =VLOOKUP(B98,'From Databricks partner portal'!E:E,1,FALSE) -> #N/A
A99: Rajesh Srinivasan | B99: Rajesh.Srinivasan@intuitive.cloud | C99: In-progress | F99: Mohammed Shabbir (App + DB Mod) | G99: Mohammed Shabbir (App + DB Mod) | J99: Mandatory | O99: =VLOOKUP(B99,'From Databricks partner portal'!E:E,1,FALSE) -> #N/A
A100: Adesh Abhang | B100: Adesh.Abhang@intuitive.cloud | C100: Completed | D100: Databricks Certified Generative AI Engineer Associate | E100: 12th May - TBC | F100: Pritam Dodeja (AI/MlOps) | G100: Dr Navid Kalantari PhD (Data + AI) | H100: 45932 | I100: 45930 | J100: Mandatory | O100: =VLOOKUP(B100,'From Databricks partner portal'!E:E,1,FALSE) -> #N/A
...

Sheet Sheet1
A1: Name | B1: Email ID | C1: Completed | D1: Cert Type
A2: Keval Hingu | B2: Keval.Hingu@intuitive.cloud | C2: Completed | D2: Databricks Certified Data Analyst Associate
A3: Prem Gandhi | B3: Prem.Gandhi@intuitive.cloud | C3: Completed | D3: Databricks Certified Machine Learning Associate
A4: Aniket Purohit | B4: Aniket.Purohit@intuitive.cloud | C4: Completed | D4: Databricks Certified Generative AI Engineer Associate
A5: Divya Mahesh | B5: Divya.Mahesh@intuitive.cloud | C5: Completed | D5: Databricks Certified Generative AI Engineer Associate
A6: Ajay Shridhar Giri | B6: Ajay.Giri@intuitive.cloud | C6: Completed | D6: Databricks Certified Data Analyst Associate
A7: Dinesh Verma | B7: dinesh.verma@intuitive.cloud | C7: Completed | D7: Databricks Certified Generative AI Engineer Associate
A8: Ravindra Malpute | B8: Ravindra.Malpute@intuitive.cloud | C8: Completed | D8: Databricks Certified Generative AI Engineer Associate
A9: Saumil Shah | B9: Saumil.Shah@intuitive.cloud | C9: Completed | D9: Databricks Certified Data Analyst Associate
A10: Abhijeet Patil | B10: Abhijeet.Patil@intuitive.cloud | C10: Completed | D10: Databricks Certified Data Analyst Associate
A11: Aditya Shukla | B11: Aditya.Shukla@intuitive.cloud | C11: Completed | D11: Databricks Certified Generative AI Engineer Associate
A12: Darshan Bhavsar | B12: Darshan.Bhavsar@intuitive.cloud | C12: Completed | D12: Databricks Certified Generative AI Engineer Associate
... A56: Sharath Rao | B56: sharath.rao@intuitive.cloud | C56: Completed | D56: Databricks Certified Data Analyst Associate
A57: Vishal Bhartdwaj | C57: Completed | D57: Databricks Certified Data Analyst Associate
A58: Karuna Katikala | B58: karuna.katikala@intuitive.ai | C58: Completed | D58: Databricks Certified Data Engineer Associate
A59: Hetul Patel | B59: Hetul.Patel@intuitive.cloud | C59: Completed | D59: Databricks Certified Generative AI Engineer Associate
A60: Kishore Gajula | B60: kishore.gajula@intuitive.cloud | C60: Completed | D60: Databricks Certified Generative AI Engineer Associate
A61: Milind Dhake | B61: milind.dhake@intuitive.cloud | C61: Completed | D61: Databricks Certified Generative AI Engineer Associate

Sheet From Databricks partner portal
A1: AS AT 2026-04-10
A2: # | B2: Category | C2: Course | D2: Date | E2: Email | F2: Points
A3: 14 | B3: Technical Certified | C3: Databricks Certified Data Engineer Associate | D3: 45844 | E3: - | F3: 0.5
A4: 11 | B4: Technical Certified | C4: Databricks Certified Data Analyst Associate | D4: 46057 | E4: abdul.haleem@intuitive.ai | F4: 0.5
A5: 9 | B5: Sales Badged | C5: Academy Accreditation - Databricks Fundamentals | D5: 46050 | E5: abdul.haleem@intuitive.ai | F5: 0.25
A6: 46 | B6: Technical Certified | C6: Databricks Certified Data Analyst Associate | D6: 46019 | E6: aditya.desai@intuitive.ai | F6: 0.5
A7: 17 | B7: Sales Badged | C7: Academy Accreditation - Generative AI Fundamentals | D7: 46056 | E7: akshay.agarwal@intuitive.ai | F7: 0.25
A8: 48 | B8: Sales Badged | C8: Academy Accreditation - Databricks Fundamentals | D8: 46037 | E8: amrith.samuel@intuitive.ai | F8: 0.25
A9: 40 | B9: Technical Certified | C9: Databricks Certified Data Analyst Associate | D9: 45985 | E9: aryan.vasudev@intuitive.ai | F9: 0.5 | G9: =COUNTIF(E:E,E9) -> 1
A10: 13 | B10: Technical Certified | C10: Databricks Certified Data Analyst Associate | D10: 46026 | E10: ayan.abbas@intuitive.ai | F10: 0.5 | G10: =COUNTIF(E:E,E10) -> 1
A11: 8 | B11: Technical Certified | C11: Databricks Certified Data Analyst Associate | D11: 45979 | E11: bhumi.patel@intuitive.ai | F11: 0.5 | G11: =COUNTIF(E:E,E11) -> 1
A12: 51 | B12: Technical Certified | C12: Databricks Certified Data Analyst Associate | D12: 46047 | E12: chaitanya.baweja@intuitive.ai | F12: 0.5 | G12: =COUNTIF(E:E,E12) -> 1
A13: 33 | B13: Technical Certified | C13: Databricks Certified Data Analyst Associate | D13: 46031 | E13: darshan.rajyaguru@intuitive.ai | F13: 0.5 | G13: =COUNTIF(E:E,E13) -> 1
A14: 57 | B14: Sales Badged | C14: Partner Training - Data Intelligence Platform Whiteboard | D14: 46094 | E14: david.hammond@intuitive.ai | F14: 0.25 | G14: =COUNTIF(E:E,E14) -> 2
A15: 56 | B15: Sales Badged | C15: Partner Training - Azure Databricks Foundations | D15: 46097 | E15: david.hammond@intuitive.ai | F15: 0.25 | G15: =COUNTIF(E:E,E15) -> 2
A16: 27 | B16: Sales Badged | C16: Partner Training - Gen AI & LLM on Databricks | D16: 46084 | E16: debrup.mondal@intuitive.ai | F16: 0.25 | G16: =COUNTIF(E:E,E16) -> 3
A17: 25 | B17: Sales Badged | C17: Partner Training - Advantages of Gen AI with Data Intelligence | D17: 46116 | E17: debrup.mondal@intuitive.ai | F17: 0.25 | G17: =COUNTIF(E:E,E17) -> 3
A18: 26 | B18: Sales Badged | C18: Partner Training - 2025 Data + AI Summit Product Announcement Enablement for Partners | D18: 46084 | E18: debrup.mondal@intuitive.ai | F18: 0.25 | G18: =COUNTIF(E:E,E18) -> 3
A19: 43 | B19: Technical Certified | C19: Databricks Certified Data Analyst Associate | D19: 46079 | E19: dhruv.maradiya@intuitive.ai | F19: 0.5 | G19: =COUNTIF(E:E,E19) -> 1
A20: 2 | B20: Technical Certified | C20: Databricks Certified Data Analyst Associate | D20: 46027 | E20: garret.fernandez@intuitive.ai | F20: 0.5 | G20: =COUNTIF(E:E,E20) -> 1
... A61: 31 | B61: Technical Certified | C61: Databricks Certified Data Analyst Associate | D61: 46045 | E61: yuktha.pulukkul@intuitive.ai | F61: 0.5 | G61: =COUNTIF(E:E,E61) -> 1
F63: =SUM(F3:F62) -> 25.5

Sheet Registration & Status
A1: Name | B1: Designation | C1: Reporting Manager | D1: Status
A2: Dhruvi Soni | B2: Networking / Cyber Security Engg | C2: Mukesh Kumar (Cloud NetSec)
A3: Darshil Chocha | B3: Networking / Cyber Security Engg | C3: Mukesh Kumar (Cloud NetSec)
A4: Arnav Bansal | B4: Networking / Cyber Security Engg | C4: Mukesh Kumar (Cloud NetSec)
A5: Satvik Sharma | B5: Networking / Cyber Security Engg | C5: Mukesh Kumar (Cloud NetSec)
A6: Het Parikh | B6: Networking / Cyber Security Engg | C6: Mukesh Kumar (Cloud NetSec)
A7: Tanvi Sontakke | B7: Networking / Cyber Security Engg | C7: Mukesh Kumar (Cloud NetSec)
A8: Ankit Mukherjee | B8: Networking / Cyber Security Engg | C8: Mukesh Kumar (Cloud NetSec)
A9: Bhumi Patel | B9: AI/ML Engineer | C9: Bhavesh Shah (Cloud Native) | D9: Exam Cleared
A10: Vishal Mehta | B10: AI/ML Engineer | C10: Bhavesh Shah (Cloud Native) | D10: Exam Cleared
A11: Prachi Desai | B11: AI/ML Engineer | C11: Bhavesh Shah (Cloud Native) | D11: Exam Cleared
A12: Smit Gandhi | B12: AI/ML Engineer | C12: Bhavesh Shah (Cloud Native) | D12: Exam Cleared
A13: Vasu Bhimani | B13: Cloud Engineer | C13: Bhavesh Shah (Cloud Native)
A14: Tisha Patel | B14: Cloud Engineer | C14: Bhavesh Shah (Cloud Native) | D14: Schedule on 30th
A15: Rushi Kardani | B15: Database Engineer | C15: Bhavesh Shah (Cloud Native) | D15: Exam cleared
A16: Pearl Jatonia | B16: AI/ML Engineer | C16: Bhavesh Shah (Cloud Native)
A17: Ayan Abbas | B17: AI/ML Engineer | C17: Bhavesh Shah (Cloud Native) | D17: Schedule
A18: Vishnu Burkhawala | B18: Application Developer | C18: Bhavesh Shah (Cloud Native) | D18: Schedule on 28th
A19: Vraj Modi | B19: Application Developer | C19: Bhavesh Shah (Cloud Native) | D19: Exam Cleared
A20: Sumit Mishra | B20: Application Developer | C20: Bhavesh Shah (Cloud Native) | D20: Schedule on 28th
A21: Garret Fernandez | B21: DataBase Engineer | C21: Bhavesh Shah (Cloud Native) | D21: Schedule on 4th
A22: Harsh Kharwar | B22: AI/ML Engineer | C22: Bhavesh Shah (Cloud Native) | D22: Schedule on 30th
A23: Tanvi Sontakke | B23: Networking / Cyber Security Engg | C23: Mukesh Kumar (Cloud NetSec)
A24: Chaitanya Baweja | B24: Project Management Office | C24: Mohammed Yakhoob (PMO)
A25: Gourab Banerjee | B25: Project Management Office | C25: Mohammed Yakhoob (PMO)
A26: Yuktha Pulukkul | B26: Project Management Office | C26: Mohammed Yakhoob (PMO)
A27: Shantanu Hiwrale | B27: AI/ML Engineer | C27: Bhavesh Shah (Cloud Native) | D27: Exam Cleared
A28: Srushti Moghe | B28: Database Engineer | C28: Bhavesh Shah (Cloud Native) | D28: Exam Cleared
A29: Vishal | B29: Software Developer | C29: Bhavesh Shah (Cloud Native) | D29: Schedule on 3rd jan
A30: Suyash Srivastava | B30: Software Developer | C30: Bhavesh Shah (Cloud Native) | D30: Exam Cleared
A31: Aryan Vasudeva | B31: Platform Engineer | C31: Bhavesh Shah (Cloud Native) | D31: Exam Cleared
A32: Janhvi Kurkure | B32: Software Developer | C32: Bhavesh Shah (Cloud Native) | D32: Exam Cleared
A33: Darshan Rajyaguru | B33: Platform Engineer | C33: Bhavesh Shah (Cloud Native)
A34: Jigarkumar Bhoye | B34: Cloud & DevOps Engineer | C34: Bhavesh Shah (Cloud Native)
A35: Pundrik Shayta | B35: Software Developer | C35: Bhavesh Shah (Cloud Native) | D35: Exam Cleared
A36: Rahul Morabiya | B36: Cloud & DevOps Engineer | C36: Bhavesh Shah (Cloud Native) | D36: Schedule
A37: Shourya Nahar | B37: Software Developer | C37: Bhavesh Shah (Cloud Native) | D37: Exam Cleared
A38: Parth Vadodaria | B38: Software Developer | C38: Bhavesh Shah (Cloud Native) | D38: Exam Cleared
A39: Aditya Desai | B39: Cloud & DevOps Engineer | C39: Bhavesh Shah (Cloud Native) | D39: Exam Cleared
A40: Malhar Prajapati | B40: Data Engineer & AI ML | C40: Bhavesh Shah (Cloud Native) | D40: Exam Cleared
A41: Shriram Sabade | B41: Software Developer | C41: Bhavesh Shah (Cloud Native) | D41: Exam Cleared
A42: Mahesh Sutar | B42: Software Developer | C42: Bhavesh Shah (Cloud Native) | D42: Exam Cleared
A43: Dhruv Maradiya | B43: Cloud & DevOps Engineer | C43: Bhavesh Shah (Cloud Native) | D43: Schedule on 4th
A44: Anmol Purohit | B44: Network Security Engineer | C44: Bhavesh Shah (Cloud Native)
A45: Kenil Sarang | B45: Software Developer Engineer | C45: Bhavesh Shah (Cloud Native) | D45: schedule on 3rd jan
A46: Het Shah | B46: Cloud & DevOps Engineer | C46: Bhavesh Shah (Cloud Native) | D46: Exam Cleared
A47: Sahal Pathan | B47: Cloud & DevOps Engineer | C47: Bhavesh Shah (Cloud Native)

Sheet Accreditations
A1: Name | B1: Email ID | C1: Completed | D1: Cert Type | E1: Comments | F1: Reports To | G1: Practice Director
A2: Lisa Sikkema | B2: lisa.sikkema@intuitive.cloud | C2: Completed | D2: Advantages of Data & AI Governance | F2: Chett Rubenstein (Data) | G2: Chett Rubenstein (Data)

Sheet Dupes or Former Employees

Sheet Sheet2
A8: Not Started
A9: In-progress
A10: Completed
A16: Databricks Certified Data Analyst Associate
A17: Databricks Certified Data Engineer Associate
A18: Databricks Certified Machine Learning Associate
A19: Databricks Certified Data Engineer Professional
A20: Databricks Certified Machine Learning Professional
A21: Databricks Certified Generative AI Engineer Associate
A22: Databricks Certified Associate Developer for Apache Spark

Sheet Resources
A1: Resource Type | B1: Course Name
A2: Udemy
A3: Udemy
A4: Udemy
